Company Name,Website,Employee Count,Industry,Location,Key Insights,Personalized Message,Message Generated
Google,http://www.google.com,183000,information technology & services,"Mountain View, California United States","Company positioning: Google...; Technology focus: ai, api; Business indicators: clients, global; Large team suggests significant IT infrastructure needs","Subject: Enhancing Google's IT Infrastructure with TechHardware Pro

Hello [Recipient's Name],

I hope this message finds you well. As a leading provider of business hardware solutions, TechHardware Pro understands the complexity of managing a large IT infrastructure like Google's. With your global reach and cutting-edge technology focus on AI and APIs, we recognize the importance of reliable hardware to support your operations.

At TechHardware Pro, we offer a range of hardware solutions tailored to meet the unique needs of businesses like yours. From high-performance servers to scalable networking equipment, we can provide the tools necessary to optimize your IT infrastructure and support your growing team of 183,000 employees.

I would love to discuss how our hardware solutions can enhance Google's operations and help you achieve your business objectives. When would be a good time for a brief call to further explore this opportunity?

Looking forward to the possibility of working together.

Warm regards,

[Your Name]
TechHardware Pro Sales Representative
[Contact Information]",2025-07-24T11:42:47.101Z
Amazon,http://www.amazon.com,1560000,information technology & services,"Seattle, Washington United States",Company positioning: Amazon.com...; Large team suggests significant IT infrastructure needs,"Subject: Enhance Your IT Infrastructure with TechHardware Pro

Dear Amazon Team,

I hope this message finds you well. With Amazon's expansive growth and significant IT infrastructure needs, TechHardware Pro is here to provide tailored hardware solutions to optimize your operations.

Our expertise in providing top-notch hardware solutions aligns perfectly with Amazon's commitment to innovation and efficiency. Whether it's upgrading your server systems, enhancing network security, or streamlining data storage, our range of products can cater to your unique requirements.

We understand the demands of a large-scale operation like Amazon and are dedicated to supporting your IT endeavors. Let's schedule a consultation to discuss how TechHardware Pro can enhance your business performance through our cutting-edge hardware solutions.

Looking forward to the opportunity to collaborate for your hardware needs.

Warm regards,

[Your Name]  
TechHardware Pro Sales Representative  
[Contact Information]",2025-07-24T11:42:50.806Z
LinkedIn,http://www.linkedin.com,19000,information technology & services,"Sunnyvale, California United States","Website focus: 1 billion members | Manage your professional identity. Build and engage with your professional netwo...; Company positioning: LinkedIn: Log In or Sign Up...; Technology focus: cloud, ai, software; Large team suggests significant IT infrastructure needs","Subject: Enhance Your IT Infrastructure with TechHardware Pro

Dear [Recipient's Name],

I hope this message finds you well. As a leading provider of hardware solutions for businesses, TechHardware Pro understands the critical role that a robust IT infrastructure plays in driving success for companies like LinkedIn.

With LinkedIn's impressive focus on cloud, AI, and software technologies to engage over 1 billion members worldwide, we recognize the importance of reliable hardware to support your operations. Our range of high-performance servers, storage solutions, and networking gear can seamlessly integrate with your existing IT setup to enhance efficiency and scalability.

We would love the opportunity to discuss how our hardware solutions can address your specific IT infrastructure needs and contribute to your continued success. When would be a convenient time for a brief call or meeting to explore this further?

Looking forward to the possibility of collaborating with LinkedIn.

Warm regards,

[Your Name]
TechHardware Pro",2025-07-24T11:42:53.513Z
Microsoft,http://www.microsoft.com,228000,information technology & services,"Redmond, Washington United States","Website focus: Explore Microsoft products and services and support for your home or business. Shop Microsoft 365, C...; Company positioning: Microsoft â€“ AI, Cloud, Productivity, Computing, Gaming & AppsYour Privacy Choice...; Technology focus: cloud, ai, software; Business indicators: global; Large team suggests significant IT infrastructure needs","Subject: Enhance Your IT Infrastructure with TechHardware Pro

Dear Microsoft Team,

I hope this email finds you well. With your company's impressive global presence and significant IT infrastructure needs, TechHardware Pro is here to offer tailored hardware solutions to support your business growth.

Our range of high-performance servers, network switches, and storage solutions are designed to seamlessly integrate with cloud and AI technologies, enhancing your productivity and computing capabilities. We understand the importance of reliable hardware in optimizing your operations and are confident in our ability to provide robust solutions that meet your unique requirements.

I would love to schedule a brief call to discuss how TechHardware Pro can support Microsoft's innovative endeavors with our top-notch hardware solutions. Please let me know a convenient time for you, or feel free to reach out directly at [Your Contact Information].

Looking forward to the opportunity to collaborate and contribute to your continued success.

Warm regards,

[Your Name]
TechHardware Pro",2025-07-24T11:42:56.047Z
TED Conferences,http://www.ted.com,20000,nonprofit organization management,"New York, New York United States","Company positioning: TED: Ideas change everythingDownload_on_the_App_Store_Badge_US-UK_RGB_blk_4SVG_0...; Technology focus: cloud, ai, api; Business indicators: global, scale; Large team suggests significant IT infrastructure needs","Subject: Enhance Your TED Talks Experience with TechHardware Pro

Dear TED Conferences Team,

I hope this email finds you well. As a nonprofit organization driving global change through innovative ideas, TED Conferences undoubtedly relies on robust IT infrastructure to support your mission. With a team of 20,000 employees, your technology needs are undoubtedly complex and essential to your operations.

At TechHardware Pro, we specialize in providing tailored hardware solutions for businesses like yours. Our cutting-edge hardware offerings, from high-performance servers to scalable storage solutions, are designed to seamlessly integrate with cloud, AI, and API technologies, aligning perfectly with your tech-focused business indicators.

I would love the opportunity to discuss how TechHardware Pro can support TED Conferences with our top-of-the-line hardware solutions. When would be a convenient time for a brief call to explore how we can enhance your IT infrastructure?

Looking forward to the possibility of collaborating with TED Conferences.

Warm regards,

[Your Name]
TechHardware Pro",2025-07-24T11:43:00.273Z
Y for Yoga,http://www.yforyoga.online,0,"health, wellness & fitness",",",Growing company likely expanding their tech stack,"Subject: Elevate Your Business with Tailored Hardware Solutions from TechHardware Pro

Dear Y for Yoga Team,

I hope this message finds you well. As a growing company in the health and wellness industry, it's inspiring to see Y for Yoga's dedication to promoting holistic well-being. With your likely expansion in mind, TechHardware Pro is here to support your journey with tailored hardware solutions to enhance your operations.

Our range of business-grade hardware, including high-performance workstations, reliable servers, and secure networking equipment, can seamlessly integrate into your tech stack to streamline your processes and boost productivity. We understand the importance of reliable technology in supporting your business growth and are committed to providing solutions that align with your needs.

I would love to discuss how our hardware solutions can specifically benefit Y for Yoga. When would be a convenient time for a brief call or meeting? Feel free to schedule a consultation or ask any questions you may have.

Looking forward to the opportunity to collaborate with you.

Warm regards,

[Your Name]
TechHardware Pro Sales Team
[Contact Information]",2025-07-24T11:43:03.962Z
Unilever,http://www.unilever.com,116000,mechanical or industrial engineering,", England United Kingdom","Website focus: At Unilever we meet everyday needs for nutrition, hygiene and personal care with brands that help pe...; Company positioning: Unilever Global | UnileverDefault...; Technology focus: ai, technology, digital; Business indicators: global, growth; Large team suggests significant IT infrastructure needs","Subject: Enhance Unilever's IT Infrastructure with TechHardware Pro

Dear [Recipient's Name],

I hope this email finds you well. I came across Unilever's impressive commitment to leveraging technology and digital solutions to drive global growth. With a team as large as yours, I understand the critical importance of having robust IT infrastructure in place to support your operations effectively.

At TechHardware Pro, we specialize in providing tailored hardware solutions for businesses like Unilever in the mechanical and industrial engineering industry. Our range of high-performance servers, networking equipment, and storage solutions are designed to meet the demanding needs of large enterprises.

I believe that our hardware solutions can enhance Unilever's IT infrastructure, ensuring seamless operations and supporting your growth objectives. I would welcome the opportunity to discuss how we can tailor our offerings to meet your specific requirements.

Could we schedule a brief call to explore how TechHardware Pro can support Unilever's technology needs effectively?

Looking forward to the possibility of partnering with Unilever.

Best regards,

[Your Name]
TechHardware Pro",2025-07-24T11:43:06.705Z
Deloitte,http://www.deloitte.com,460000,management consulting,"Lenexa, Kansas United States","Website focus: Industry insights and audit, consulting, financial advisory, risk management and tax services from D...; Company positioning: Deloitte | Audit, Consulting, Financial, Risk Management, Tax Services...; Technology focus: ai, api, technology; Business indicators: enterprise, clients; Large team suggests significant IT infrastructure needs","Subject: Enhancing Your IT Infrastructure with TechHardware Pro

Dear Deloitte Team,

I hope this message finds you well. With your impressive employee count and focus on audit, consulting, financial, risk management, and tax services, it's clear that your business demands robust IT infrastructure to support your operations effectively.

At TechHardware Pro, we specialize in providing tailored hardware solutions for companies like Deloitte. From high-performance servers to secure networking equipment, our products are designed to meet the unique needs of large enterprises like yours.

We understand the critical role that technology plays in your day-to-day operations and are committed to helping you enhance your IT infrastructure to drive efficiency and productivity.

I would love the opportunity to discuss how our hardware solutions can benefit Deloitte. When would be a convenient time for a brief call or meeting?

Looking forward to the possibility of collaborating with you.

Warm regards,

[Your Name]
TechHardware Pro",2025-07-24T11:43:09.517Z
IBM,http://www.ibm.com,270000,information technology & services,"Armonk, New York United States","Website focus: For more than a century, IBM has been a global technology innovator, leading advances in AI, automat...; Company positioning: IBM - India...; Technology focus: cloud, ai, machine learning; Business indicators: enterprise, customers; Large team suggests significant IT infrastructure needs","Subject: Elevate Your IT Infrastructure with TechHardware Pro

Dear IBM Team,

I hope this message finds you well. With IBM's legacy of tech innovation and a large team indicative of robust IT infrastructure needs, TechHardware Pro is here to support your evolving hardware requirements.

Our comprehensive range of business-focused hardware solutions, from servers to networking equipment, is tailored to enhance your efficiency and performance. Whether you're looking to optimize your AI and machine learning capabilities or strengthen your cloud infrastructure, we have the expertise and products to drive your success.

I would love to discuss how TechHardware Pro can empower IBM's cutting-edge initiatives. When would be a convenient time for a brief call or meeting to explore these opportunities further?

Looking forward to the possibility of collaborating with a tech leader like IBM.

Warm regards,

[Your Name]
TechHardware Pro",2025-07-24T11:43:12.396Z
Forbes,http://www.forbes.com,500,publishing,"Jersey City, New Jersey United States","Website focus: Forbes is a global media company, focusing on business, investing, technology, entrepreneurship, lea...; Company positioning: Forbes...; Technology focus: cloud, ai, api; Business indicators: enterprise, global; Large team suggests significant IT infrastructure needs","Subject: Enhance Your IT Infrastructure with TechHardware Pro

Dear Forbes Team,

I hope this email finds you well. As a global media giant with a focus on business and technology, Forbes's significant IT infrastructure needs are apparent. At TechHardware Pro, we specialize in providing tailored hardware solutions to businesses like yours with a large team and a global reach.

We understand the importance of seamless technology integration, especially in a dynamic industry like publishing. Our range of cutting-edge hardware products, including high-performance servers, storage solutions, and networking equipment, can enhance your operational efficiency and support your cloud, AI, and API initiatives.

I'd love to discuss how TechHardware Pro can help Forbes optimize its IT infrastructure to meet the demands of your enterprise. Could we schedule a brief call to explore potential solutions further?

Looking forward to the opportunity to collaborate with Forbes for a more streamlined and efficient IT setup.

Best regards,

[Your Name]
TechHardware Pro",2025-07-24T11:43:15.271Z
